Alice Fernandes, partipante,01234567890
Amanda Rodrigues, partipante,78901234567
Amanda Santos, partipante,45678901234
Ana Clara Castro, partipante,90123456789
Ana Clara Lima, partipante,12345678901
André Ribeiro, partipante,67890123456
Beatriz Oliveira, partipante,23456789012
Bruno Martins, partipante,12345678901
Bruno Oliveira, partipante,01234567890
Camila Castro, partipante,89012345678
Carolina Lima, partipante,12345678901
Carolina Souza, partipante,90123456789
Daniel Lima, relator(a),12345678901
Diego Santos, coordenador(a),23456789012
Eduardo Lima, coordenador(a),89012345678
Enzo Ribeiro, partipante,45678901234
Enzo Souza, coordenador(a),90123456789
Felipe Mendes, partipante,67890123456
Felipe Silva, partipante,23456789012
Gabriel Alves, coordenador(a),56789012345
Gabriel Mendes, partipante,56789012345
Gabriel Pereira, partipante,78901234567
Gabriel Santos, partipante,56789012345
Giovanna Costa, partipante,90123456789
Giovanna Gonçalves, partipante,78901234567
Giovanna Silva, partipante,78901234567
Guilherme Barbosa, partipante,45678901234
Guilherme Lima, partipante,34567890123
Gustavo Almeida, partipante,78901234567
Gustavo Alves, partipante,34567890123
Helena Lima, relator(a),34567890123
Helena Oliveira, partipante,56789012345
Henrique Castro, partipante,34567890123
Isabela Almeida, relator(a),56789012345
Isabela Ferreira, partipante,23456789012
Isabella Santos, partipante,90123456789
João Barbosa, partipante,78901234567
Júlia Almeida, partipante,34567890123
Júlia Oliveira, partipante,12345678901
Larissa Fernandes, partipante,56789012345
Laura Carvalho, partipante,78901234567
Laura Rodrigues, partipante,45678901234
Leonardo Castro, partipante,67890123456
Leonardo Martins, coordenador(a),56789012345
Luana Oliveira, partipante,23456789012
Lucas Ferreira, partipante,89012345678
Lucas Silva, partipante,01234567890
Luiza Carvalho, relator(a),45678901234
Luiza Silva, partipante,45678901234
Manuela Costa, partipante,98765432109
Manuela Pereira, partipante,34567890123
Mariana Gonçalves, partipante,34567890123
Mariana Lima, partipante,78901234567
Mariana Silva, partipante,01234567890
Maria Oliveira, relator(a),45678901234
Matheus Carvalho, partipante,34567890123
Matheus Pereira, partipante,67890123456
Matheus Santos, partipante,01234567890
Melissa Santos, partipante,45678901234
Nicolas Almeida, partipante,67890123456
Nicolas Ferreira, partipante,56789012345
Pedro Barbosa, partipante,98765432109
Pedro Rodrigues, partipante,90123456789
Rafael Costa, partipante,23456789012
Rafael Oliveira, partipante,89012345678
Rafael Silva, partipante,01234567890
Samuel Castro, partipante,23456789012
Samuel Pereira, partipante,90123456789
Sophia Costa, partipante,56789012345
Thiago Ribeiro, partipante,89012345678
Valentina Rodrigues, partipante,90123456789
Victor Rodrigues, partipante,01234567890
